Shock,Stress,Sex,Condition,Pre,Post,recall_1,ext1_curve,ext2_curve,ext3_curve,ext4_curve,ext5_curve,extinction_recall,reminder_day1_shock,reminder_day2
l,NS,M,10,0,83.33333333,41.66666667,41.66666667,8.333333333,16.66666667,0,36.36363636,12.5,,
l,NS,M,10,0,33.33333333,33.33333333,33.33333333,16.66666667,0,16.66666667,0,20.83333333,,
l,ELS,M,2,8.333333333,50,66.66666667,NA,NA,NA,NA,NA,37.5,,
l,ELS,M,2,8.333333333,33.33333333,66.66666667,NA,NA,NA,NA,NA,25,,
l,ELS,M,10,33.33333333,50,75,75,33.33333333,41.66666667,0,36.36363636,33.33333333,,
l,ELS,M,10,8.333333333,83.33333333,66.66666667,66.66666667,58.33333333,58.33333333,8.333333333,0,20.83333333,,
l,NS,F,2,0,33.33333333,8.333333333,NA,NA,NA,NA,NA,4.166666667,,
l,NS,F,2,0,50,0,NA,NA,NA,NA,NA,4.166666667,,
l,ELS,F,2,0,100,66.66666667,NA,NA,NA,NA,NA,25,,
l,ELS,F,2,0,16.66666667,0,NA,NA,NA,NA,NA,12.5,,
l,NS,F,10,0,66.66666667,0,0,0,0,16.66666667,18.18181818,4.166666667,,
l,NS,F,10,0,16.66666667,0,0,0,0,0,0,4.166666667,,
l,NS,F,10,0,66.66666667,0,0,16.66666667,0,8.333333333,9.090909091,8.333333333,,
l,ELS,F,10,0,66.66666667,50,50,41.66666667,8.333333333,16.66666667,9.090909091,8.333333333,,
l,ELS,F,10,8.333333333,66.66666667,8.333333333,8.333333333,8.333333333,0,0,18.18181818,4.166666667,,
l,NS,M,2,0,50,16.66666667,NA,NA,NA,NA,NA,20.83333333,,
l,NS,M,2,0,100,0,NA,NA,NA,NA,NA,12.5,,
l,ELS,M,2,8.333333333,50,41.66666667,NA,NA,NA,NA,NA,37.5,,
l,ELS,M,2,8.333333333,50,33.33333333,NA,NA,NA,NA,NA,20.83333333,,
l,NS,M,10,8.333333333,66.66666667,25,25,16.66666667,0,0,0,0,,
l,NS,M,10,16.66666667,83.33333333,25,25,25,16.66666667,0,9.090909091,12.5,,
l,ELS,M,10,0,83.33333333,16.66666667,16.66666667,16.66666667,0,0,9.090909091,20.83333333,,
l,ELS,M,10,0,33.33333333,41.66666667,41.66666667,16.66666667,25,0,9.090909091,8.333333333,,
l,NS,M,2,0,66.66666667,83.33333333,NA,NA,NA,NA,NA,66.66666667,,
l,NS,M,2,0,83.33333333,8.333333333,NA,NA,NA,NA,NA,12.5,,
l,ELS,F,2,8.333333333,16.66666667,25,NA,NA,NA,NA,NA,4.166666667,,
l,ELS,F,2,8.333333333,33.33333333,33.33333333,NA,NA,NA,NA,NA,4.166666667,,
l,NS,F,2,16.66666667,83.33333333,16.66666667,NA,NA,NA,NA,NA,#DIV/0!,,
l,NS,F,2,0,16.66666667,0,NA,NA,NA,NA,NA,#DIV/0!,,
l,ELS,M,2,0,33.33333333,66.66666667,NA,NA,NA,NA,NA,41.66666667,,
l,ELS,M,2,33.33333333,83.33333333,83.33333333,NA,NA,NA,NA,NA,41.66666667,,
l,NS,F,10,9.090909091,50,25,25,33.33333333,8.333333333,16.66666667,16.66666667,8.333333333,,
l,NS,F,10,9.090909091,100,58.33333333,58.33333333,16.66666667,25,0,8.333333333,8.333333333,,
l,ELS,M,10,27.27272727,50,0,0,16.66666667,16.66666667,8.333333333,16.66666667,4.166666667,,
l,ELS,M,10,9.090909091,83.33333333,33.33333333,33.33333333,8.333333333,8.333333333,25,0,0,,
l,NS,M,10,0,50,50,50,75,25,25,0,12.5,,
l,NS,M,10,18.18181818,33.33333333,33.33333333,33.33333333,0,25,0,8.333333333,12.5,,
l,ELS,F,10,0,16.66666667,50,50,33.33333333,25,16.66666667,8.333333333,12.5,,
l,ELS,F,10,9.090909091,0,25,25,16.66666667,0,16.66666667,16.66666667,33.33333333,,
l,NS,M,2,0,33.33333333,8.333333333,NA,NA,NA,NA,NA,0,,
l,NS,M,2,9.090909091,66.66666667,16.66666667,NA,NA,NA,NA,NA,8.333333333,,
l,NS,M,2,0,33.33333333,16.66666667,NA,NA,NA,NA,NA,12.5,,
l,NS,M,10,18.18181818,50,58.33333333,58.33333333,58.33333333,33.33333333,16.66666667,25,4.166666667,,
l,NS,M,10,9.090909091,66.66666667,8.333333333,8.333333333,33.33333333,0,16.66666667,0,16.66666667,,
l,NS,M,10,0,66.66666667,25,25,50,33.33333333,16.66666667,8.333333333,12.5,,
l,NS,F,10,0,0,8.333333333,8.333333333,25,8.333333333,8.333333333,16.66666667,16.66666667,,
l,NS,F,10,9.090909091,16.66666667,33.33333333,33.33333333,83.33333333,8.333333333,0,16.66666667,4.166666667,,
l,ELS,F,2,0,33.33333333,33.33333333,NA,NA,NA,NA,NA,8.333333333,,
l,ELS,F,2,0,0,8.333333333,NA,NA,NA,NA,NA,0,,
l,NS,F,2,0,33.33333333,8.333333333,NA,NA,NA,NA,NA,8.333333333,,
l,NS,F,2,0,66.66666667,25,NA,NA,NA,NA,NA,0,,
l,ELS,F,10,0,50,16.66666667,16.66666667,8.333333333,8.333333333,8.333333333,8.333333333,25,,
l,ELS,F,10,0,66.66666667,33.33333333,33.33333333,8.333333333,8.333333333,16.66666667,0,33.33333333,,
l,NS,M,10,18.18181818,50,8.333333333,8.333333333,0,8.333333333,0,0,0,,
l,NS,M,10,18.18181818,83.33333333,33.33333333,33.33333333,25,0,16.66666667,0,0,,
l,NS,F,10,18.18181818,50,0,0,0,0,0,0,4.166666667,,
l,NS,F,10,0,66.66666667,0,0,8.333333333,0,0,8.333333333,0,,
l,ELS,M,2,8.333333333,66.66666667,58.33333333,NA,NA,NA,NA,NA,41.66666667,,
l,ELS,M,2,0,50,16.66666667,NA,NA,NA,NA,NA,8.333333333,,
l,ELS,F,2,0,100,91.66666667,NA,NA,NA,NA,NA,33.33333333,,
l,ELS,F,2,8.333333333,66.66666667,25,NA,NA,NA,NA,NA,0,,
l,NS,M,2,0,33.33333333,16.66666667,NA,NA,NA,NA,NA,27.27272727,,
l,NS,M,2,0,66.66666667,8.333333333,NA,NA,NA,NA,NA,0,,
l,NS,F,2,0,83.33333333,75,NA,NA,NA,NA,NA,16.66666667,,
l,NS,F,2,0,66.66666667,16.66666667,NA,NA,NA,NA,NA,50,,
l,ELS,M,10,0,66.66666667,33.33333333,33.33333333,33.33333333,0,0,16.66666667,33.33333333,,
l,ELS,M,10,8.333333333,83.33333333,25,25,83.33333333,66.66666667,0,8.333333333,8.333333333,,
l,ELS,M,10,8.333333333,66.66666667,41.66666667,41.66666667,41.66666667,50,33.33333333,41.66666667,0,,
l,ELS,F,10,0,50,0,0,0,0,0,0,8.333333333,,
l,ELS,F,10,0,33.33333333,8.333333333,8.333333333,0,0,0,0,8.333333333,,
l,NS,M,10,0,83.33333333,0,0,25,16.66666667,0,0,8.333333333,,
l,NS,M,10,0,0,0,0,0,0,0,0,0,,
l,NS,F,10,0,33.33333333,8.333333333,8.333333333,8.333333333,0,8.333333333,0,0,,
l,NS,F,10,8.333333333,33.33333333,16.66666667,16.66666667,8.333333333,0,25,0,0,,
l,ELS,M,2,8.333333333,50,66.66666667,NA,NA,NA,NA,NA,33.33333333,,
l,ELS,M,2,8.333333333,50,50,NA,NA,NA,NA,NA,25,,
l,ELS,F,2,25,50,50,NA,NA,NA,NA,NA,25,,
l,ELS,F,2,0,83.33333333,16.66666667,NA,NA,NA,NA,NA,0,,
l,NS,M,2,8.333333333,50,0,NA,NA,NA,NA,NA,0,,
l,NS,M,2,8.333333333,100,8.333333333,NA,NA,NA,NA,NA,0,,
l,NS,F,2,16.66666667,33.33333333,16.66666667,NA,NA,NA,NA,NA,8.333333333,,
l,NS,F,2,0,16.66666667,0,NA,NA,NA,NA,NA,0,,
l,NS,F,2,0,50,8.333333333,NA,NA,NA,NA,NA,0,,
l,ELS,M,10,0,66.66666667,25,25,50,16.66666667,16.66666667,33.33333333,8.333333333,,
l,ELS,M,10,0,66.66666667,25,25,16.66666667,50,25,25,58.33333333,,
l,ELS,F,10,8.333333333,33.33333333,25,25,16.66666667,8.333333333,0,0,0,,
l,ELS,F,10,0,16.66666667,8.333333333,8.333333333,0,8.333333333,16.66666667,16.66666667,0,,
l,ELS,M,10,8.333333333,83.33333333,58.33333333,58.33333333,25,16.66666667,8.333333333,8.333333333,0,,
l,ELS,M,10,16.66666667,83.33333333,25,25,16.66666667,16.66666667,0,0,0,,
l,NS,M,10,0,16.66666667,16.66666667,16.66666667,8.333333333,8.333333333,8.333333333,16.66666667,0,,
l,NS,M,10,0,33.33333333,16.66666667,16.66666667,33.33333333,41.66666667,16.66666667,8.333333333,16.66666667,,
l,NS,M,10,0,0,16.66666667,16.66666667,8.333333333,25,0,0,0,,
l,ELS,M,2,0,83.33333333,0,NA,NA,NA,NA,NA,0,,
l,ELS,M,2,0,16.66666667,8.333333333,NA,NA,NA,NA,NA,33.33333333,,
l,ELS,F,2,8.333333333,66.66666667,41.66666667,NA,NA,NA,NA,NA,33.33333333,,
l,ELS,F,2,0,66.66666667,33.33333333,NA,NA,NA,NA,NA,0,,
l,NS,M,2,8.333333333,83.33333333,50,NA,NA,NA,NA,NA,16.66666667,,
l,NS,M,2,0,66.66666667,66.66666667,NA,NA,NA,NA,NA,33.33333333,,
l,NS,F,2,8.333333333,50,41.66666667,NA,NA,NA,NA,NA,0,,
l,NS,F,2,0,0,16.66666667,NA,NA,NA,NA,NA,0,,
l,NS,M,2,0,66.66666667,0,NA,NA,NA,NA,NA,16.66666667,,
l,NS,M,2,0,50,16.66666667,NA,NA,NA,NA,NA,25,,
l,ELS,F,2,0,33.33333333,16.66666667,NA,NA,NA,NA,NA,16.66666667,,
l,ELS,F,2,0,66.66666667,0,NA,NA,NA,NA,NA,0,,
l,NS,F,2,0,16.66666667,0,NA,NA,NA,NA,NA,33.33333333,,
l,NS,F,2,0,33.33333333,16.66666667,NA,NA,NA,NA,NA,0,,
l,ELS,F,10,0,50,50,50,25,16.66666667,16.66666667,25,8.333333333,,
l,ELS,F,10,0,66.66666667,16.66666667,16.66666667,8.333333333,0,0,8.333333333,0,,
,,,,,,,,,,,,,,
h,ELS,Male,2,8.333333333,66.66666667,33.33333333,,,,,,8.333333333,41.66666667,58.33333333
h,ELS,Male,2,0,83.33333333,100,,,,,,41.66666667,25,#DIV/0!
h,NS,Male,2,0,50,41.66666667,,,,,,41.66666667,8.333333333,58.33333333
h,NS,Male,2,0,83.33333333,50,,,,,,66.66666667,16.66666667,#DIV/0!
h,NS,Male,2,0,100,16.66666667,,,,,,25,41.66666667,16.66666667
h,ELS,Male,10,0,100,66.66666667,66.66666667,33.33333333,0,8.333333333,41.66666667,41.66666667,8.333333333,10
h,ELS,Male,10,0,83.33333333,25,33.33333333,41.66666667,50,16.66666667,25,16.66666667,8.333333333,20
l,NS,Female,2,0,33.33333333,0,,,,,,8.333333333,0,0
l,NS,Female,2,8.333333333,16.66666667,0,,,,,,0,0,0
l,ELS,Male,2,0,83.33333333,58.33333333,,,,,,41.66666667,25,8.333333333
l,ELS,Male,2,10,66.66666667,66.66666667,,,,,,50,41.66666667,0
h,NS,Male,10,0,83.33333333,8.333333333,8.333333333,0,0,0,18.18181818,0,0,50
h,NS,Male,10,0,83.33333333,16.66666667,16.66666667,33.33333333,16.66666667,41.66666667,9.090909091,0,0,50
l,ELS,Male,10,0,50,66.66666667,66.66666667,75,50,16.66666667,16.66666667,8.333333333,63.63636364,16.66666667
l,ELS,Male,10,0,83.33333333,50,50,66.66666667,8.333333333,0,0,16.66666667,9.090909091,16.66666667
h,NS,Male,2,8.333333333,33.33333333,0,,,,,,8.333333333,0,8.333333333
h,NS,Male,2,0,83.33333333,58.33333333,,,,,,16.66666667,25,25
h,ELS,Male,2,0,66.66666667,16.66666667,,,,,,8.333333333,33.33333333,8.333333333
h,ELS,Male,2,0,83.33333333,91.66666667,,,,,,41.66666667,25,16.66666667
l,NS,Female,10,0,100,8.333333333,8.333333333,0,16.66666667,16.66666667,8.333333333,8.333333333,0,0
h,ELS,Male,10,0,50,66.66666667,66.66666667,41.66666667,33.33333333,50,41.66666667,33.33333333,33.33333333,25
h,ELS,Male,10,0,83.33333333,25,33.33333333,33.33333333,8.333333333,8.333333333,0,0,16.66666667,8.333333333
l,NS,Female,2,0,33.33333333,25,,,,,,8.333333333,0,16.66666667
l,NS,Female,2,0,66.66666667,0,,,,,,8.333333333,0,0
l,ELS,Female,2,0,100,0,,,,,,8.333333333,0,0
l,ELS,Female,2,0,50,16.66666667,,,,,,25,8.333333333,8.333333333
l,ELS,Female,2,0,50,16.66666667,,,,,,8.333333333,0,0
h,NS,Male,10,0,66.66666667,91.66666667,91.66666667,75,50,25,25,33.33333333,58.33333333,16.66666667
h,NS,Male,10,8.333333333,100,50,50,33.33333333,50,16.66666667,8.333333333,8.333333333,16.66666667,41.66666667
l,ELS,Female,10,0,100,58.33333333,58.33333333,66.66666667,25,25,16.66666667,41.66666667,50,25
l,ELS,Female,10,16.66666667,83.33333333,66.66666667,66.66667,41.66666667,58.33333333,25,8.333333333,16.66666667,41.66666667,16.66666667
h,ELS,Male,2,0,100,91.66666667,,,,,,83.33333333,58.33333333,66.66666667
h,ELS,Male,2,0,100,75,,,,,,33.33333333,25,41.66666667
h,NS,Male,2,8.333333333,66.66666667,41.66666667,,,,,,25,25,0
h,NS,Male,2,8.333333333,83.33333333,25,,,,,,8.333333333,0,9.090909091
l,ELS,Female,2,0,83.33333333,16.66666667,,,,,,8.333333333,8.333333333,18.18181818
l,ELS,Female,2,0,83.33333333,66.66666667,,,,,,8.333333333,8.333333333,18.18181818
l,NS,Male,10,0,66.66666667,8.333333333,8.333333333,66.66666667,16.66666667,8.333333333,0,25,41.66666667,41.66666667
l,NS,Male,10,0,50,0,0,0,0,0,0,8.333333333,0,0
l,NS,Male,10,0,100,33.33333333,33.33333333,58.33333333,25,8.333333333,16.66666667,0,8.333333333,33.33333333
h,ELS,Male,10,33.33333333,83.33333333,41.66666667,41.66666667,41.66666667,41.66666667,41.66666667,50,16.66666667,41.66666667,16.66666667
h,ELS,Male,10,0,100,100,100,91.66666667,58.33333333,41.66666667,50,58.33333333,66.66666667,33.33333333
h,NS,Female,10,0,66.66666667,25,25,16.66666667,16.66666667,16.66666667,16.66666667,8.333333333,0,0
h,NS,Female,10,0,83.33333333,8.333333333,8.333333333,0,8.333333333,0,0,0,0,0
h,ELS,Male,2,0,100,100,,,,,,91.66666667,75,58.33333333
h,ELS,Male,2,0,83.33333333,33.33333333,,,,,,41.66666667,41.66666667,33.33333333
l,ELS,Female,10,0,66.66666667,25,25,33.33333333,16.66666667,8.333333333,8.333333333,0,16.66666667,8.333333333
l,ELS,Female,10,0,100,33.33333333,33.33333333,0,0,8.333333333,0,0,8.333333333,0
l,NS,Female,10,0,33.33333333,0,0,0,0,0,0,0,33.33333333,0
l,NS,Female,10,0,66.66666667,0,0,0,8.333333333,25,0,0,0,8.333333333
l,ELS,Female,2,0,83.33333333,41.66666667,,,,,,0,16.66666667,16.66666667
l,ELS,Female,2,0,83.33333333,41.66666667,,,,,,8.333333333,0,0
h,NS,Male,2,0,100,83.33333333,,,,,,41.66666667,8.333333333,50
h,NS,Male,2,0,50,25,,,,,,33.33333333,25,0
h,NS,Male,2,0,66.66666667,41.66666667,,,,,,33.33333333,37.5,50
l,ELS,Female,2,0,16.66666667,0,,,,,,8.333333333,8.333333333,33.33333333
l,ELS,Female,2,0,83.33333333,0,,,,,,16.66666667,0,0
h,NS,Female,10,0,66.66666667,0,0,8.333333333,0,8.333333333,0,0,0,0
h,NS,Female,10,0,33.33333333,25,25,33.33333333,33.33333333,16.66666667,0,8.333333333,0,0
l,NS,Male,2,0,66.66666667,50,,,,,,33.33333333,41.66666667,50
l,NS,Male,2,0,100,100,,,,,,50,50,25
l,NS,Male,2,8.333333333,66.66666667,27.27272727,,,,,,0,0,33.33333333
l,NS,Male,2,0,83.33333333,27.27272727,,,,,,75,41.66666667,25
l,NS,Male,2,0,50,36.36363636,,,,,,8.333333333,33.33333333,25
l,NS,Male,2,0,83.33333333,63.63636364,,,,,,8.333333333,25,16.66666667
h,NS,Male,10,0,,58.33333333,58.33333333,33.33333333,25,25,8.333333333,25,0,0
h,NS,Male,10,8.333333333,83.33333333,91.66666667,91.66666667,100,100,83.33333333,75,75,75,66.66666667
h,NS,Female,2,0,33.33333333,8.333333333,,,,,,27.27272727,8.333333333,0
h,NS,Female,2,0,33.33333333,0,,,,,,18.18181818,0,0
h,NS,Female,2,0,16.66666667,25,,,,,,0,0,0
h,NS,Female,2,0,83.33333333,81.81818182,,,,,,33.33333333,33.33333333,18.18181818
h,NS,Female,2,0,50,0,,,,,,8.333333333,0,9.090909091
h,NS,Female,2,0,66.66666667,75,,,,,,16.66666667,16.66666667,8.333333333
l,ELS,Male,2,0,50,0,,,,,,8.333333333,8.333333333,0
l,ELS,Male,2,0,66.66666667,91.66666667,,,,,,58.33333333,41.66666667,50
h,ELS,Female,2,8.333333333,100,91.66666667,,,,,,58.33333333,16.66666667,50
h,ELS,Female,2,0,83.33333333,41.66666667,,,,,,25,16.66666667,0
h,ELS,Female,2,0,66.66666667,58.33333333,,,,,,16.66666667,16.66666667,0
h,ELS,Female,2,0,33.33333333,66.66666667,,,,,,16.66666667,0,25
h,ELS,Female,2,0,66.66666667,100,,,,,,16.66666667,25,8.333333333
h,ELS,Female,2,0,100,8.333333333,,,,,,0,41.66666667,25
h,ELS,Female,10,0,66.66666667,91.66666667,91.66666667,91.66666667,58.33333333,75,8.333333333,41.66666667,15.38461538,33.33333333
h,ELS,Female,10,0,0,8.333333333,8.333333333,8.333333333,0,8.333333333,0,0,0,8.333333333
l,ELS,Male,10,0,83.33333333,58.33333333,58.33333333,25,25,8.333333333,0,8.333333333,15.38461538,16.66666667
l,ELS,Male,10,0,100,91.66666667,91.66666667,75,25,33.33333333,33.33333333,41.66666667,7.692307692,25
l,ELS,Male,10,0,83.33333333,0,0,0,0,50,0,0,0,16.66666667
l,ELS,Male,10,8.333333333,100,16.66666667,16.66666667,8.333333333,0,0,0,36.36363636,0,8.333333333
h,ELS,Female,10,0,66.66666667,50,50,25,33.33333333,8.333333333,16.66666667,0,0,16.66666667
h,ELS,Female,10,0,66.66666667,8.333333333,8.333333333,8.333333333,0,0,8.333333333,11.11111111,15.38461538,16.66666667
l,NS,Female,2,0,83.33333333,50,,,,,,75,23.07692308,0
l,NS,Female,2,0,50,0,,,,,,16.66666667,15.38461538,0
l,ELS,Male,2,0,83.33333333,8.333333333,,,,,,8.333333333,0,16.66666667
l,ELS,Male,2,8.333333333,66.66666667,41.66666667,,,,,,16.66666667,30.76923077,25
h,ELS,Female,10,0,83.33333333,41.66666667,41.66666667,25,16.66666667,91.66666667,33.33333333,41.66666667,38.46153846,0
h,ELS,Female,10,16.66666667,100,75,75,66.66666667,66.66666667,66.66666667,33.33333333,75,23.07692308,41.66666667
l,NS,Female,10,0,50,0,0,8.333333333,0,0,0,0,7.692307692,0
l,NS,Female,10,0,50,50,50,25,8.333333333,8.333333333,0,8.333333333,0,0
h,NS,Female,10,0,33.33333333,25,25,33.33333333,16.66666667,8.333333333,25,8.333333333,0,0
h,NS,Female,10,0,66.66666667,8.333333333,8.333333333,16.66666667,0,0,0,0,0,0
l,NS,Male,10,0,33.33333333,16.66666667,16.66666667,58.33333333,25,0,0,0,15.38461538,41.66666667
l,NS,Male,10,0,100,25,25,41.66666667,8.333333333,33.33333333,8.333333333,16.66666667,23.07692308,0
l,NS,Male,10,33.33333333,66.66666667,83.33333333,83.33333333,83.33333333,41.66666667,58.33333333,58.33333333,50,61.53846154,33.33333333
l,NS,Male,10,0,0,16.66666667,16.66666667,25,0,8.333333333,16.66666667,25,0,0
l,ELS,Female,10,0,33.33333333,0,0,0,0,0,8.333333333,0,7.692307692,0
l,ELS,Female,10,0,66.66666667,66.66666667,66.66666667,41.66666667,16.66666667,33.33333333,0,0,15.38461538,16.66666667
h,ELS,Male,2,15.38461538,66.66666667,69.23076923,,,,,,69.23076923,76.92307692,53.84615385
h,ELS,Male,2,0,75,46.15384615,,,,,,69.23076923,7.692307692,23.07692308
h,ELS,Male,2,0,33.33333333,76.92307692,,,,,,76.92307692,53.84615385,92.30769231
h,ELS,Male,2,0,50,23.07692308,,,,,,38.46153846,15.38461538,0
h,ELS,Male,2,30.76923077,83.33333333,53.84615385,,,,,,46.15384615,15.38461538,15.38461538
h,ELS,Male,2,0,100,30.76923077,,,,,,23.07692308,23.07692308,0
h,ELS,Female,2,0,50,15.38461538,,,,,,30.76923077,7.692307692,61.53846154
h,ELS,Female,2,0,0,69.23076923,,,,,,7.692307692,0,0
h,ELS,Female,2,8.333333333,83.33333333,75,,,,,,53.84615385,23.07692308,30.76923077
h,ELS,Female,2,0,66.66666667,58.33333333,,,,,,15.38461538,0,0
h,ELS,Female,2,0,100,61.53846154,,,,,,38.46153846,38.46153846,84.61538462
h,ELS,Female,2,7.692307692,100,69.23076923,,,,,,38.46153846,30.76923077,7.692307692
h,ELS,Male,10,0,83.33333333,61.53846154,61.53846154,53.84615385,23.07692308,15.38461538,0,23.07692308,23.07692308,0
h,ELS,Male,10,0,83.33333333,69.23076923,69.23076923,69.23076923,46.15384615,0,0,7.692307692,23.07692308,0
h,ELS,Male,10,0,100,84.61538462,84.61538462,46.15384615,61.53846154,61.53846154,87.5,46.15384615,23.07692308,38.46153846
h,ELS,Male,10,0,83.33333333,84.61538462,84.61538462,76.92307692,38.46153846,15.38461538,0,30.76923077,0,23.07692308
h,ELS,Male,10,0,83.33333333,83.33333333,83.33333333,84.61538462,69.23076923,23.07692308,50,53.84615385,38.46153846,15.38461538
h,ELS,Male,10,0,50,50,50,76.92307692,7.692307692,23.07692308,0,0,23.07692308,15.38461538
h,ELS,Female,2,0,83.33333333,0,,,,,,16.66666667,23.07692308,61.53846154
h,ELS,Female,2,0,66.66666667,15.38461538,,,,,,8.333333333,7.692307692,0
h,NS,Female,2,0,100,46.15384615,,,,,,38.46153846,38.46153846,30.76923077
h,NS,Female,2,0,100,76.92307692,,,,,,84.61538462,15.38461538,0
h,ELS,Female,10,0,100,30.76923077,30.76923077,53.84615385,30.76923077,46.15384615,0,0,30.76923077,30.76923077
h,ELS,Female,10,0,33.33333333,30.76923077,30.76923077,7.692307692,23.07692308,23.07692308,0,0,46.15384615,7.692307692
h,ELS,Female,10,#DIV/0!,#DIV/0!,46.15384615,46.15384615,23.07692308,23.07692308,61.53846154,87.5,15.38461538,23.07692308,30.76923077
h,ELS,Female,10,0,83.33333333,84.61538462,84.61538462,61.53846154,30.76923077,23.07692308,0,23.07692308,15.38461538,23.07692308
h,ELS,Female,10,7.692307692,75,15.38461538,15.38461538,15.38461538,30.76923077,0,0,23.07692308,46.15384615,38.46153846
h,NS,Female,2,0,100,15.38461538,,,,,,53.84615385,15.38461538,#DIV/0!
h,NS,Female,2,0,33.33333333,76.92307692,,,,,,7.692307692,30.76923077,#DIV/0!
h,ELS,Male,10,0,66.66666667,50,50,16.66666667,41.66666667,25,25,61.53846154,38.46153846,69.23076923
h,ELS,Male,10,0,50,41.66666667,41.66666667,58.33333333,33.33333333,25,25,30.76923077,7.692307692,15.38461538
h,ELS,Female,2,7.692307692,83.33333333,50,,,,,,0,46.15384615,0
h,ELS,Female,2,0,83.33333333,33.33333333,,,,,,7.692307692,46.15384615,23.07692308
h,ELS,Female,2,0,100,41.66666667,,,,,,23.07692308,15.38461538,53.84615385
h,ELS,Female,2,0,66.66666667,58.33333333,,,,,,30.76923077,15.38461538,53.84615385
h,ELS,Female,2,7.692307692,83.33333333,25,,,,,,23.07692308,15.38461538,15.38461538
h,ELS,Female,10,0,66.66666667,69.23076923,69.23076923,25,8.333333333,50,41.66666667,7.692307692,23.07692308,38.46153846
h,ELS,Female,10,0,66.66666667,33.33333333,33.33333333,16.66666667,16.66666667,8.333333333,0,0,7.692307692,0
h,ELS,Female,10,23.07692308,83.33333333,41.66666667,41.66666667,33.33333333,58.33333333,41.66666667,83.33333333,15.38461538,46.15384615,53.84615385
h,ELS,Female,10,0,100,41.66666667,41.66666667,41.66666667,50,8.333333333,50,23.07692308,38.46153846,15.38461538
h,NS,Male,2,0,100,25,,,,,,23.07692308,36.36363636,7.692307692
h,NS,Male,2,0,66.66666667,66.66666667,,,,,,7.692307692,27.27272727,15.38461538
h,NS,Male,2,0,66.66666667,66.66666667,,,,,,30.76923077,45.45454545,38.46153846
h,NS,Male,2,0,66.66666667,75,,,,,,53.84615385,9.090909091,15.38461538
h,NS,Male,2,7.692307692,66.66666667,91.66666667,,,,,,15.38461538,7.692307692,46.15384615
h,NS,Male,2,0,100,91.66666667,,,,,,15.38461538,38.46153846,30.76923077
h,NS,Male,10,0,66.66666667,58.33333333,58.33333333,33.33333333,25,25,33.33333333,7.692307692,15.38461538,46.15384615
h,NS,Male,10,0,83.33333333,16.66666667,16.66666667,100,41.66666667,8.333333333,16.66666667,7.692307692,15.38461538,15.38461538
h,NS,Male,10,0,66.66666667,8.333333333,8.333333333,0,0,0,8.333333333,0,0,7.692307692
h, NS,Male,10,7.692307692,50,83.33333333,83.33333333,83.33333333,91.66666667,41.66666667,8.333333333,76.92307692,0,45.45454545
h,NS,Male,10,0,16.66666667,8.333333333,8.333333333,8.333333333,8.333333333,0,0,7.692307692,76.92307692,18.18181818
h,ELS,Female,10,0,100,,,,,,,53.84615385,30.76923077,38.46153846
h,ELS,Female,10,0,83.33333333,,,,,,,46.15384615,7.692307692,46.15384615
h,ELS,Female,10,0,100,16.66666667,16.66666667,50,8.333333333,33.33333333,25,15.38461538,38.46153846,#DIV/0!
h,NS,Female,2,0,83.33333333,66.66666667,,,,,,30.76923077,23.07692308,38.46153846
h,NS,Female,2,0,66.66666667,50,,,,,,30.76923077,46.15384615,15.38461538
h,NS,Female,2,0,50,83.33333333,,,,,,15.38461538,15.38461538,15.38461538
h,x,x,x,#DIV/0!,#DIV/0!,#DIV/0!,,,,,,#DIV/0!,#DIV/0!,#DIV/0!
h,NS,Male,10,0,33.33333333,33.33333333,33.33333333,0,58.33333333,66.66666667,23.07692308,15.38461538,7.692307692,0
h,NS,Male,10,0,100,66.66666667,66.66666667,41.66666667,16.66666667,58.33333333,23.07692308,23.07692308,46.15384615,15.38461538
h,ELS,Male,10,0,83.33333333,66.66666667,66.66666667,50,0,0,0,0,7.692307692,15.38461538
h,ELS,Male,10,0,50,50,50,58.33333333,25,50,46.15384615,30.76923077,38.46153846,23.07692308
h,ELS,Male,10,0,100,91.66666667,91.66666667,83.33333333,66.66666667,66.66666667,30.76923077,38.46153846,23.07692308,61.53846154
h,x,x,x,#DIV/0!,#DIV/0!,#DIV/0!,,,,,,#DIV/0!,#DIV/0!,#DIV/0!
h,ELS,Male,2,7.692307692,100,41.66666667,,,,,,30.76923077,46.15384615,30.76923077
h,ELS,Male,2,7.692307692,83.33333333,58.33333333,,,,,,53.84615385,7.692307692,15.38461538
h,ELS,Male,2,7.692307692,100,58.33333333,,,,,,30.76923077,15.38461538,46.15384615
h,x,x,x,#DIV/0!,#DIV/0!,#DIV/0!,,,,,,#DIV/0!,#DIV/0!,#DIV/0!
h,NS,Female,10,7.692307692,66.66666667,50,50,8.333333333,33.33333333,16.66666667,46.15384615,46.15384615,53.84615385,7.692307692
h,NS,Female,10,0,83.33333333,33.33333333,33.33333333,41.66666667,16.66666667,16.66666667,7.692307692,0,7.692307692,0
h,NS,Female,2,0,83.33333333,53.84615385,,,,,,15.38461538,38.46153846,46.15384615
h,NS,Female,2,15.38461538,100,15.38461538,,,,,,46.15384615,15.38461538,46.15384615
h,NS,Female,2,0,83.33333333,30.76923077,,,,,,23.07692308,30.76923077,15.38461538
h,NS,Female,2,0,66.66666667,15.38461538,,,,,,23.07692308,30.76923077,0
h,NS,Female,10,0,66.66666667,23.07692308,23.07692308,0,0,0,0,38.46153846,38.46153846,0
h,NS,Female,10,0,66.66666667,38.46153846,38.46153846,25,8.333333333,8.333333333,33.33333333,30.76923077,30.76923077,15.38461538
h,NS,Female,10,0,66.66666667,76.92307692,76.92307692,100,100,83.33333333,66.66666667,0,38.46153846,38.46153846
h,x,x,x,#DIV/0!,#DIV/0!,#DIV/0!,#DIV/0!,#DIV/0!,#DIV/0!,#DIV/0!,#DIV/0!,#DIV/0!,#DIV/0!,#DIV/0!
h,ELS,Female,10,0,66.66666667,76.92307692,76.92307692,33.33333333,16.66666667,0,58.33333333,46.15384615,15.38461538,30.76923077
h,ELS,Female,10,7.692307692,50,53.84615385,53.84615385,33.33333333,25,33.33333333,8.333333333,53.84615385,46.15384615,30.76923077
h,ELS,Female,10,0,100,46.15384615,46.15384615,25,0,0,0,7.692307692,0,7.692307692
h,x,x,x,#DIV/0!,#DIV/0!,#DIV/0!,#DIV/0!,#DIV/0!,#DIV/0!,#DIV/0!,#DIV/0!,#DIV/0!,#DIV/0!,#DIV/0!
h,NS,Female,10,0,83.33333333,61.53846154,61.53846154,83.33333333,50,25,25,15.38461538,15.38461538,#DIV/0!
h,NS,Female,10,0,83.33333333,61.53846154,61.53846154,16.66666667,41.66666667,16.66666667,41.66666667,23.07692308,0,#DIV/0!
h,NS,Female,10,7.692307692,83.33333333,84.61538462,84.61538462,75,58.33333333,75,16.66666667,23.07692308,#DIV/0!,#DIV/0!
h,NS,Female,10,7.692307692,66.66666667,76.92307692,76.92307692,16.66666667,66.66666667,33.33333333,8.333333333,38.46153846,#DIV/0!,#DIV/0!
